DataSeries,2023,2021,2019,2007,2022,2020,2017,2013,2010
Overweight (Excluding Obese) - Total,26.7,28.8,28.1,23.3,27.1,28.8,27.5,25.8,25.3
Overweight (Excluding Obese) - Male,31.7,33.5,33.1,27.4,32.4,34.0,32.2,29.8,29.9
Overweight (Excluding Obese) - Female,21.8,24.1,23.2,19.2,21.9,23.6,22.8,21.8,20.8
Obesity - Total,11.6,11.6,10.5,6.9,11.6,10.5,8.6,8.6,10.8
Obesity - Male,12.8,13.2,11.9,7.3,13.0,11.9,10.2,9.3,12.1
Obesity - Female,10.4,10.0,9.3,6.5,10.2,9.2,7.1,7.9,9.5
Daily Smoking - Total,8.8,10.4,10.6,13.6,9.2,10.1,12.0,13.3,14.3
Daily Smoking - Male,15.1,17.4,17.9,23.2,15.8,17.1,21.1,23.1,24.6
Daily Smoking - Female,2.6,3.4,3.4,4.2,2.7,3.1,3.4,3.6,4.0
Hypertension - Total,37.0,34.2,35.5,na,37.0,35.5,21.5,na,23.5
Hypertension - Male,40.3,37.8,38.8,na,40.9,38.6,24.9,na,26.5
Hypertension - Female,33.8,30.6,32.3,na,33.2,32.5,18.1,na,20.5
Diabetes Mellitus - Total,8.5,6.9,8.8,8.2,10.5,9.5,8.6,na,11.3
Diabetes Mellitus - Male,10.4,7.9,9.9,8.9,12.2,10.8,9.7,na,12.3
Diabetes Mellitus - Female,6.7,5.9,7.7,7.6,8.8,8.2,7.5,na,10.4
Hyperlipidaemia - Total,31.9,31.9,39.1,na,38.4,37.0,33.6,na,34.5
Hyperlipidaemia - Male,36.5,36.8,42.4,na,43.2,40.7,39.0,na,37.8
Hyperlipidaemia - Female,27.5,27.1,35.9,na,33.7,33.4,28.3,na,31.3
Sufficient Total Physical Activity - Total,74.9,71.1,80.1,na,74.9,76.4,80.7,na,na
Sufficient Total Physical Activity - Male,77.5,73.4,82.4,na,77.8,79.0,83.1,na,na
Sufficient Total Physical Activity - Female,72.4,68.9,77.9,na,72.0,73.9,78.4,na,na
Binge Drinking - Total,9.6,9.6,10.2,na,10.5,10.5,8.8,na,na
Binge Drinking - Male,14.6,14.7,15.1,na,15.9,15.5,13.6,na,na
Binge Drinking - Female,4.8,4.6,5.4,na,5.2,5.6,4.1,na,na
Total Overweight and Obesity - Total,38.3,40.4,38.6,30.2,38.7,39.3,36.1,34.4,36.1
Total Overweight and Obesity - Male,44.5,46.7,45.0,34.7,45.4,45.9,42.4,39.1,42.0
Total Overweight and Obesity - Female,32.2,34.1,32.5,25.7,32.1,32.8,29.9,29.7,30.3
